Number of iterations;Stop Condition;Size of Population;Elitism Rate;Crossover Rate;Crossover Type;Mutation Rate;Mutation Step;D;Hg;L;Q;Final Fitness;Time;Verified
100;1.0;100;5;85.0;P;0.5;10;415.0;2.0;237.0;79.0;5249.883,69
100;1.0;100;5;85.0;P;1.0;10;714.0;1.0;149.0;195.0;5786.795,7
100;1.0;100;5;85.0;P;5.0;10;637.0;2.0;198.0;157.0;7588.852,5
100;1.0;100;5;50.0;P;0.5;10;861.0;3.0;10.0;73.0;2294.3376,5
100;1.0;100;5;50.0;P;1.0;10;1630.0;1.0;123.0;310.0;9901.131,4
100;1.0;100;5;50.0;P;5.0;10;679.0;3.0;200.0;70.0;6712.1816,3
100;1.0;100;5;25.0;P;0.5;10;507.0;2.0;138.0;65.0;3697.3604,2
100;1.0;100;5;25.0;P;1.0;10;616.0;1.0;44.0;176.0;2759.4421,1
100;1.0;100;5;25.0;P;5.0;10;734.0;4.0;62.0;72.0;4226.0596,2
100;1.0;100;10;85.0;P;0.5;10;1461.0;1.0;27.0;323.0;4351.4595,3
100;1.0;100;10;85.0;P;1.0;10;787.0;1.0;3.0;157.0;1545.7787,3
100;1.0;100;10;85.0;P;5.0;10;699.0;2.0;38.0;144.0;3615.1838,3
100;1.0;100;10;50.0;P;0.5;10;622.0;1.0;60.0;102.0;2288.1646,3
100;1.0;100;10;50.0;P;1.0;10;629.0;1.0;4.0;105.0;1070.648,3
100;1.0;100;10;50.0;P;5.0;10;1561.0;1.0;13.0;155.0;2124.4421,2
100;1.0;100;10;25.0;P;0.5;10;647.0;2.0;175.0;104.0;5954.5664,2
100;1.0;100;10;25.0;P;1.0;10;606.0;1.0;81.0;287.0;5512.33,1
100;1.0;100;10;25.0;P;5.0;10;1283.0;2.0;95.0;165.0;7299.2456,2
100;1.0;100;15;85.0;P;0.5;10;1273.0;1.0;33.0;156.0;2902.6118,2
100;1.0;100;15;85.0;P;1.0;10;1116.0;1.0;24.0;219.0;2960.0703,2
100;1.0;100;15;85.0;P;5.0;10;742.0;6.0;56.0;51.0;4244.3105,2
100;1.0;100;15;50.0;P;0.5;10;860.0;1.0;227.0;674.0;18246.111,1
100;1.0;100;15;50.0;P;1.0;10;384.0;5.0;183.0;106.0;8231.731,1
100;1.0;100;15;50.0;P;5.0;10;1183.0;8.0;8.0;91.0;6943.105,1
100;1.0;100;15;25.0;P;0.5;10;658.0;5.0;241.0;80.0;9260.057,2
100;1.0;100;15;25.0;P;1.0;10;582.0;2.0;159.0;72.0;4608.3643,2
100;1.0;100;15;25.0;P;5.0;10;633.0;1.0;492.0;242.0;15333.038,1
100;5.0;100;5;85.0;P;0.5;10;424.0;6.0;393.0;79.0;10661.773,1
100;5.0;100;5;85.0;P;1.0;10;567.0;4.0;135.0;60.0;4899.75,1
100;5.0;100;5;85.0;P;5.0;10;576.0;2.0;125.0;134.0;5186.2656,1
100;5.0;100;5;50.0;P;0.5;10;1671.0;1.0;15.0;639.0;6799.3926,2
100;5.0;100;5;50.0;P;1.0;10;1145.0;1.0;24.0;87.0;1759.5894,1
100;5.0;100;5;50.0;P;5.0;10;1770.0;1.0;43.0;384.0;6191.047,1
100;5.0;100;5;25.0;P;0.5;10;750.0;1.0;54.0;72.0;2087.82,2
100;5.0;100;5;25.0;P;1.0;10;1017.0;1.0;15.0;324.0;3597.8298,136
100;5.0;100;5;25.0;P;5.0;10;1159.0;1.0;5.0;534.0;5327.5625,1
100;5.0;100;10;85.0;P;0.5;10;1134.0;1.0;22.0;198.0;2696.0178,2
100;5.0;100;10;85.0;P;1.0;10;534.0;2.0;52.0;55.0;1991.4849,1
100;5.0;100;10;85.0;P;5.0;10;918.0;1.0;289.0;170.0;10979.946,1
100;5.0;100;10;50.0;P;0.5;10;1554.0;1.0;71.0;442.0;7967.872,0
100;5.0;100;10;50.0;P;1.0;10;815.0;1.0;171.0;97.0;5811.963,1
100;5.0;100;10;50.0;P;5.0;10;857.0;2.0;174.0;69.0;6512.311,1
100;5.0;100;10;25.0;P;0.5;10;990.0;1.0;26.0;247.0;3215.168,1
100;5.0;100;10;25.0;P;1.0;10;699.0;2.0;60.0;64.0;2646.904,1
100;5.0;100;10;25.0;P;5.0;10;1087.0;2.0;49.0;172.0;5017.379,1
100;5.0;100;15;85.0;P;0.5;10;1082.0;1.0;14.0;101.0;1453.7358,1
100;5.0;100;15;85.0;P;1.0;10;953.0;1.0;58.0;110.0;2955.0742,0
100;5.0;100;15;85.0;P;5.0;10;712.0;1.0;81.0;97.0;2938.5073,1
100;5.0;100;15;50.0;P;0.5;10;1638.0;2.0;17.0;269.0;5875.1167,1
100;5.0;100;15;50.0;P;1.0;10;725.0;1.0;52.0;52.0;1803.4689,1
100;5.0;100;15;50.0;P;5.0;10;803.0;1.0;13.0;197.0;2228.8086,1
100;5.0;100;15;25.0;P;0.5;10;977.0;1.0;56.0;414.0;6054.4883,0
100;5.0;100;15;25.0;P;1.0;10;980.0;1.0;9.0;54.0;801.65674,1
100;5.0;100;15;25.0;P;5.0;10;1463.0;1.0;9.0;600.0;6068.8647,1
100;10.0;100;5;85.0;P;0.5;10;1506.0;1.0;31.0;297.0;4361.7847,1
100;10.0;100;5;85.0;P;1.0;10;837.0;5.0;53.0;124.0;7212.7666,1
100;10.0;100;5;85.0;P;5.0;10;573.0;2.0;58.0;298.0;8000.664,1
100;10.0;100;5;50.0;P;0.5;10;590.0;1.0;130.0;293.0;7220.8076,1
100;10.0;100;5;50.0;P;1.0;10;1825.0;1.0;57.0;281.0;6224.4062,2
100;10.0;100;5;50.0;P;5.0;10;762.0;1.0;51.0;465.0;7006.646,1
100;10.0;100;5;25.0;P;0.5;10;1034.0;1.0;278.0;226.0;12293.236,1
100;10.0;100;5;25.0;P;1.0;10;837.0;1.0;63.0;379.0;5872.5806,1
100;10.0;100;5;25.0;P;5.0;10;1039.0;1.0;138.0;192.0;6840.1074,1
100;10.0;100;10;85.0;P;0.5;10;1387.0;3.0;7.0;166.0;4867.321,1
100;10.0;100;10;85.0;P;1.0;10;498.0;4.0;28.0;111.0;4637.9814,1
100;10.0;100;10;85.0;P;5.0;10;862.0;1.0;2.0;180.0;1733.0845,1
100;10.0;100;10;50.0;P;0.5;10;1928.0;1.0;9.0;86.0;1392.0857,1
100;10.0;100;10;50.0;P;1.0;10;1536.0;2.0;30.0;193.0;5132.7,1
100;10.0;100;10;50.0;P;5.0;10;1251.0;1.0;25.0;233.0;3238.4368,1
100;10.0;100;10;25.0;P;0.5;10;1030.0;1.0;60.0;239.0;4409.6387,1
100;10.0;100;10;25.0;P;1.0;10;781.0;1.0;17.0;285.0;3296.7183,1
100;10.0;100;10;25.0;P;5.0;10;1126.0;1.0;13.0;244.0;2765.5078,1
100;10.0;100;15;85.0;P;0.5;10;907.0;2.0;62.0;112.0;4026.774,1
100;10.0;100;15;85.0;P;1.0;10;1324.0;1.0;22.0;92.0;1862.3718,1
100;10.0;100;15;85.0;P;5.0;10;524.0;4.0;621.0;104.0;15828.063,1
100;10.0;100;15;50.0;P;0.5;10;738.0;3.0;16.0;267.0;7936.655,0
100;10.0;100;15;50.0;P;1.0;10;584.0;5.0;253.0;108.0;10289.268,1
100;10.0;100;15;50.0;P;5.0;10;706.0;1.0;26.0;188.0;2473.9646,1
100;10.0;100;15;25.0;P;0.5;10;965.0;1.0;47.0;247.0;3924.291,0
100;10.0;100;15;25.0;P;1.0;10;1128.0;1.0;3.0;92.0;956.3046,1
100;10.0;100;15;25.0;P;5.0;10;1536.0;1.0;32.0;110.0;2731.0947,0
100;15.0;100;5;85.0;P;0.5;10;458.0;3.0;102.0;60.0;3333.79,1
100;15.0;100;5;85.0;P;1.0;10;1077.0;1.0;93.0;134.0;4756.492,1
100;15.0;100;5;85.0;P;5.0;10;546.0;2.0;174.0;54.0;4353.074,1
100;15.0;100;5;50.0;P;0.5;10;1397.0;3.0;50.0;90.0;4912.417,1
100;15.0;100;5;50.0;P;1.0;10;2063.0;1.0;14.0;566.0;6190.7964,1
100;15.0;100;5;50.0;P;5.0;10;783.0;1.0;58.0;109.0;2610.3765,0
100;15.0;100;5;25.0;P;0.5;10;1748.0;1.0;33.0;145.0;3349.71,1
100;15.0;100;5;25.0;P;1.0;10;1211.0;1.0;10.0;393.0;4094.2673,1
100;15.0;100;5;25.0;P;5.0;10;941.0;2.0;103.0;230.0;7693.155,1
100;15.0;100;10;85.0;P;0.5;10;892.0;1.0;136.0;72.0;4932.4727,1
100;15.0;100;10;85.0;P;1.0;10;679.0;3.0;85.0;52.0;3454.752,1
100;15.0;100;10;85.0;P;5.0;10;489.0;1.0;23.0;92.0;1300.7288,0
100;15.0;100;10;50.0;P;0.5;10;740.0;3.0;79.0;68.0;3919.0845,1
100;15.0;100;10;50.0;P;1.0;10;358.0;1.0;174.0;107.0;4459.2197,1
100;15.0;100;10;50.0;P;5.0;10;1227.0;1.0;14.0;174.0;2194.109,1
100;15.0;100;10;25.0;P;0.5;10;968.0;1.0;127.0;214.0;6355.7754,0
100;15.0;100;10;25.0;P;1.0;10;1948.0;4.0;18.0;56.0;3268.4927,1
100;15.0;100;10;25.0;P;5.0;10;1576.0;1.0;97.0;114.0;6421.4497,1
100;15.0;100;15;85.0;P;0.5;10;785.0;1.0;30.0;118.0;1922.1296,0
100;15.0;100;15;85.0;P;1.0;10;814.0;1.0;111.0;53.0;3667.0347,1
100;15.0;100;15;85.0;P;5.0;10;1405.0;1.0;153.0;305.0;10389.968,1
100;15.0;100;15;50.0;P;0.5;10;877.0;1.0;14.0;60.0;978.87964,0
100;15.0;100;15;50.0;P;1.0;10;424.0;3.0;78.0;169.0;7008.193,1
100;15.0;100;15;50.0;P;5.0;10;1041.0;1.0;38.0;278.0;3998.875,1
100;15.0;100;15;25.0;P;0.5;10;864.0;1.0;164.0;80.0;5727.2124,0
100;15.0;100;15;25.0;P;1.0;10;636.0;1.0;42.0;216.0;3220.4912,1
100;15.0;100;15;25.0;P;5.0;10;351.0;1.0;12.0;149.0;2413.6045,0
100;1.0;500;5;85.0;P;0.5;10;709.0;1.0;10.0;89.0;1069.6763,3
100;1.0;500;5;85.0;P;1.0;10;759.0;1.0;1.0;101.0;955.54205,3
100;1.0;500;5;85.0;P;5.0;10;1261.0;1.0;3.0;83.0;887.6264,4
100;1.0;500;5;50.0;P;0.5;10;669.0;1.0;27.0;69.0;1271.355,3
100;1.0;500;5;50.0;P;1.0;10;491.0;2.0;28.0;80.0;1985.2621,3
100;1.0;500;5;50.0;P;5.0;10;1163.0;2.0;30.0;118.0;3375.5518,2
100;1.0;500;5;25.0;P;0.5;10;797.0;1.0;27.0;120.0;1867.9268,4
100;1.0;500;5;25.0;P;1.0;10;522.0;1.0;66.0;99.0;2210.3606,3
100;1.0;500;5;25.0;P;5.0;10;1279.0;1.0;51.0;103.0;3234.957,2
100;1.0;500;10;85.0;P;0.5;10;1134.0;1.0;19.0;141.0;2046.2812,2
100;1.0;500;10;85.0;P;1.0;10;1324.0;2.0;12.0;66.0;1758.285,3
100;1.0;500;10;85.0;P;5.0;10;1785.0;2.0;7.0;120.0;2619.3684,3
100;1.0;500;10;50.0;P;0.5;10;1326.0;1.0;16.0;136.0;1985.376,4
100;1.0;500;10;50.0;P;1.0;10;822.0;1.0;37.0;66.0;1674.0394,5
100;1.0;500;10;50.0;P;5.0;10;1219.0;1.0;1.0;133.0;1254.3848,3
100;1.0;500;10;25.0;P;0.5;10;681.0;1.0;21.0;153.0;1966.849,3
100;1.0;500;10;25.0;P;1.0;10;1281.0;1.0;11.0;244.0;2731.989,4
100;1.0;500;10;25.0;P;5.0;10;2062.0;1.0;2.0;73.0;807.994,3
100;1.0;500;15;85.0;P;0.5;10;1601.0;1.0;5.0;86.0;1063.0406,3
100;1.0;500;15;85.0;P;1.0;10;1259.0;1.0;10.0;112.0;1462.5337,3
100;1.0;500;15;85.0;P;5.0;10;1052.0;1.0;2.0;223.0;2130.994,4
100;1.0;500;15;50.0;P;0.5;10;730.0;1.0;23.0;210.0;2638.2878,3
100;1.0;500;15;50.0;P;1.0;10;734.0;2.0;24.0;111.0;2658.198,2
100;1.0;500;15;50.0;P;5.0;10;1269.0;1.0;39.0;186.0;3443.401,2
100;1.0;500;15;25.0;P;0.5;10;470.0;1.0;13.0;78.0;967.9431,3
100;1.0;500;15;25.0;P;1.0;10;724.0;1.0;87.0;186.0;4070.0706,2
100;1.0;500;15;25.0;P;5.0;10;1043.0;1.0;67.0;75.0;3144.7354,3
100;5.0;500;5;85.0;P;0.5;10;1706.0;1.0;11.0;67.0;1269.3906,4
100;5.0;500;5;85.0;P;1.0;10;482.0;1.0;30.0;94.0;1447.7959,4
100;5.0;500;5;85.0;P;5.0;10;715.0;1.0;26.0;84.0;1428.8806,5
100;5.0;500;5;50.0;P;0.5;10;1041.0;1.0;9.0;118.0;1406.982,4
100;5.0;500;5;50.0;P;1.0;10;1553.0;1.0;18.0;78.0;1693.1221,4
100;5.0;500;5;50.0;P;5.0;10;578.0;1.0;40.0;172.0;2620.905,4
100;5.0;500;5;25.0;P;0.5;10;1592.0;2.0;6.0;206.0;4081.5413,5
100;5.0;500;5;25.0;P;1.0;10;696.0;1.0;4.0;72.0;758.257,5
100;5.0;500;5;25.0;P;5.0;10;818.0;1.0;19.0;184.0;2276.4216,4
100;5.0;500;10;85.0;P;0.5;10;784.0;1.0;82.0;97.0;3162.6284,6
100;5.0;500;10;85.0;P;1.0;10;674.0;1.0;12.0;58.0;815.82874,5
100;5.0;500;10;85.0;P;5.0;10;966.0;1.0;19.0;162.0;2137.9805,5
100;5.0;500;10;50.0;P;0.5;10;1332.0;1.0;9.0;175.0;2017.6149,6
100;5.0;500;10;50.0;P;1.0;10;1603.0;1.0;26.0;98.0;2358.4087,5
100;5.0;500;10;50.0;P;5.0;10;1278.0;1.0;15.0;70.0;1311.2964,5
100;5.0;500;10;25.0;P;0.5;10;1048.0;1.0;6.0;100.0;1132.6849,3
100;5.0;500;10;25.0;P;1.0;10;1661.0;1.0;12.0;166.0;2211.434,4
100;5.0;500;10;25.0;P;5.0;10;892.0;1.0;9.0;138.0;1552.2446,5
100;5.0;500;15;85.0;P;0.5;10;802.0;1.0;10.0;144.0;1618.7749,5
100;5.0;500;15;85.0;P;1.0;10;1268.0;1.0;41.0;104.0;2777.6265,5
100;5.0;500;15;85.0;P;5.0;10;782.0;1.0;30.0;209.0;2834.6763,4
100;5.0;500;15;50.0;P;0.5;10;1798.0;1.0;1.0;220.0;2064.193,5
100;5.0;500;15;50.0;P;1.0;10;625.0;1.0;9.0;58.0;730.4264,5
100;5.0;500;15;50.0;P;5.0;10;521.0;1.0;37.0;100.0;1665.6018,4
100;5.0;500;15;25.0;P;0.5;10;527.0;1.0;31.0;106.0;1621.0249,5
100;5.0;500;15;25.0;P;1.0;10;1220.0;1.0;7.0;111.0;1310.9858,5
100;5.0;500;15;25.0;P;5.0;10;1517.0;1.0;6.0;158.0;1757.8221,5
100;10.0;500;5;85.0;P;0.5;10;944.0;1.0;48.0;86.0;2381.4204,6
100;10.0;500;5;85.0;P;1.0;10;1788.0;1.0;15.0;152.0;2325.9663,6
100;10.0;500;5;85.0;P;5.0;10;798.0;1.0;26.0;76.0;1426.2756,8
100;10.0;500;5;50.0;P;0.5;10;581.0;2.0;69.0;91.0;3113.6326,6
100;10.0;500;5;50.0;P;1.0;10;1644.0;1.0;1.0;201.0;1886.6714,6
100;10.0;500;5;50.0;P;5.0;10;1879.0;1.0;1.0;130.0;1246.9362,7
100;10.0;500;5;25.0;P;0.5;10;1168.0;1.0;46.0;84.0;2656.889,6
100;10.0;500;5;25.0;P;1.0;10;1116.0;1.0;19.0;153.0;2145.7244,6
100;10.0;500;5;25.0;P;5.0;10;613.0;1.0;5.0;251.0;2774.8823,6
100;10.0;500;10;85.0;P;0.5;10;525.0;1.0;75.0;147.0;3037.162,6
100;10.0;500;10;85.0;P;1.0;10;1140.0;1.0;2.0;120.0;1173.6498,7
100;10.0;500;10;85.0;P;5.0;10;748.0;1.0;1.0;220.0;2140.3538,5
100;10.0;500;10;50.0;P;0.5;10;274.0;3.0;51.0;63.0;2613.7944,5
100;10.0;500;10;50.0;P;1.0;10;1085.0;1.0;23.0;160.0;2344.4507,6
100;10.0;500;10;50.0;P;5.0;10;759.0;1.0;9.0;231.0;2475.592,5
100;10.0;500;10;25.0;P;0.5;10;1031.0;1.0;36.0;140.0;2590.1729,6
100;10.0;500;10;25.0;P;1.0;10;1654.0;1.0;1.0;260.0;2426.9976,6
100;10.0;500;10;25.0;P;5.0;10;774.0;2.0;9.0;50.0;1154.7183,6
100;10.0;500;15;85.0;P;0.5;10;1653.0;1.0;22.0;85.0;2052.9941,6
100;10.0;500;15;85.0;P;1.0;10;1444.0;1.0;20.0;172.0;2583.6228,5
100;10.0;500;15;85.0;P;5.0;10;906.0;1.0;12.0;89.0;1195.4829,6
100;10.0;500;15;50.0;P;0.5;10;736.0;1.0;13.0;175.0;1999.1692,7
100;10.0;500;15;50.0;P;1.0;10;460.0;1.0;19.0;52.0;796.5936,7
100;10.0;500;15;50.0;P;5.0;10;1081.0;1.0;29.0;245.0;3374.5552,7
100;10.0;500;15;25.0;P;0.5;10;803.0;1.0;45.0;85.0;2053.0454,7
100;10.0;500;15;25.0;P;1.0;10;2008.0;1.0;2.0;151.0;1512.9724,6
100;10.0;500;15;25.0;P;5.0;10;1977.0;1.0;19.0;125.0;2458.4233,6
100;15.0;500;5;85.0;P;0.5;10;1279.0;1.0;10.0;109.0;1442.0348,7
100;15.0;500;5;85.0;P;1.0;10;835.0;1.0;22.0;98.0;1545.8662,6
100;15.0;500;5;85.0;P;5.0;10;713.0;1.0;61.0;104.0;2504.3318,7
100;15.0;500;5;50.0;P;0.5;10;733.0;1.0;84.0;154.0;3655.4036,9
100;15.0;500;5;50.0;P;1.0;10;730.0;1.0;16.0;167.0;1995.8855,10
100;15.0;500;5;50.0;P;5.0;10;477.0;1.0;36.0;163.0;2541.1433,7
100;15.0;500;5;25.0;P;0.5;10;1905.0;1.0;7.0;147.0;1805.0825,7
100;15.0;500;5;25.0;P;1.0;10;812.0;1.0;16.0;88.0;1263.6449,7
100;15.0;500;5;25.0;P;5.0;10;938.0;1.0;47.0;76.0;2246.1602,7
100;15.0;500;10;85.0;P;0.5;10;752.0;1.0;11.0;164.0;1835.1042,8
100;15.0;500;10;85.0;P;1.0;10;1348.0;1.0;22.0;190.0;2778.195,7
100;15.0;500;10;85.0;P;5.0;10;587.0;1.0;50.0;61.0;1600.6519,8
100;15.0;500;10;50.0;P;0.5;10;1008.0;1.0;8.0;99.0;1186.6908,7
100;15.0;500;10;50.0;P;1.0;10;638.0;1.0;53.0;73.0;1869.3933,7
100;15.0;500;10;50.0;P;5.0;10;679.0;2.0;10.0;85.0;1794.845,7
100;15.0;500;10;25.0;P;0.5;10;462.0;2.0;69.0;55.0;2153.6172,6
100;15.0;500;10;25.0;P;1.0;10;1802.0;1.0;1.0;264.0;2466.3364,7
100;15.0;500;10;25.0;P;5.0;10;677.0;1.0;36.0;196.0;2814.392,7
100;15.0;500;15;85.0;P;0.5;10;410.0;1.0;45.0;66.0;1322.271,12
100;15.0;500;15;85.0;P;1.0;10;1185.0;1.0;7.0;187.0;2002.5109,6
100;15.0;500;15;85.0;P;5.0;10;1770.0;1.0;8.0;126.0;1643.3871,7
100;15.0;500;15;50.0;P;0.5;10;1464.0;1.0;29.0;67.0;2104.079,7
100;15.0;500;15;50.0;P;1.0;10;958.0;1.0;12.0;167.0;1943.2178,7
100;15.0;500;15;50.0;P;5.0;10;747.0;1.0;11.0;64.0;874.2551,8
100;15.0;500;15;25.0;P;0.5;10;1531.0;1.0;12.0;130.0;1828.919,6
100;15.0;500;15;25.0;P;1.0;10;1821.0;1.0;10.0;219.0;2633.1704,7
100;15.0;500;15;25.0;P;5.0;10;1163.0;1.0;10.0;80.0;1137.1049,7
1000;1.0;100;5;85.0;P;0.5;10;865.0;2.0;49.0;74.0;2840.829,0
1000;1.0;100;5;85.0;P;1.0;10;1470.0;1.0;39.0;651.0;8157.2056,1
1000;1.0;100;5;85.0;P;5.0;10;1703.0;4.0;14.0;66.0;3236.3623,0
1000;1.0;100;5;50.0;P;0.5;10;344.0;12.0;255.0;53.0;9152.689,1
1000;1.0;100;5;50.0;P;1.0;10;1441.0;1.0;22.0;275.0;3632.4712,0
1000;1.0;100;5;50.0;P;5.0;10;1621.0;1.0;7.0;551.0;5483.7383,1
1000;1.0;100;5;25.0;P;0.5;10;1028.0;1.0;29.0;75.0;1732.8977,1
1000;1.0;100;5;25.0;P;1.0;10;737.0;2.0;127.0;62.0;4430.806,0
1000;1.0;100;5;25.0;P;5.0;10;627.0;1.0;200.0;131.0;5797.6826,1
1000;1.0;100;10;85.0;P;0.5;10;616.0;1.0;44.0;141.0;2344.732,0
1000;1.0;100;10;85.0;P;1.0;10;822.0;1.0;8.0;78.0;944.1805,0
1000;1.0;100;10;85.0;P;5.0;10;778.0;1.0;142.0;111.0;4934.924,1
1000;1.0;100;10;50.0;P;0.5;10;1096.0;2.0;47.0;130.0;4182.623,0
1000;1.0;100;10;50.0;P;1.0;10;967.0;1.0;24.0;50.0;1272.148,1
1000;1.0;100;10;50.0;P;5.0;10;544.0;1.0;126.0;139.0;3990.192,0
1000;1.0;100;10;25.0;P;0.5;10;1324.0;11.0;49.0;93.0;11572.547,1
1000;1.0;100;10;25.0;P;1.0;10;1345.0;2.0;5.0;325.0;6174.506,0
1000;1.0;100;10;25.0;P;5.0;10;807.0;1.0;34.0;434.0;5714.686,1
1000;1.0;100;15;85.0;P;0.5;10;536.0;1.0;24.0;168.0;2245.419,0
1000;1.0;100;15;85.0;P;1.0;10;1530.0;1.0;42.0;394.0;5887.0903,1
1000;1.0;100;15;85.0;P;5.0;10;521.0;2.0;2.0;172.0;3398.9524,0
1000;1.0;100;15;50.0;P;0.5;10;1186.0;1.0;145.0;82.0;6804.599,1
1000;1.0;100;15;50.0;P;1.0;10;1523.0;1.0;76.0;223.0;6112.4863,0
1000;1.0;100;15;50.0;P;5.0;10;783.0;6.0;115.0;71.0;7047.369,1
1000;1.0;100;15;25.0;P;0.5;10;379.0;2.0;161.0;55.0;3287.9692,0
1000;1.0;100;15;25.0;P;1.0;10;1032.0;1.0;16.0;191.0;2340.5496,1
1000;1.0;100;15;25.0;P;5.0;10;920.0;1.0;50.0;85.0;2396.996,0
1000;5.0;100;5;85.0;P;0.5;10;903.0;3.0;182.0;87.0;8169.0957,2
1000;5.0;100;5;85.0;P;1.0;10;944.0;1.0;4.0;273.0;2701.2239,2
1000;5.0;100;5;85.0;P;5.0;10;696.0;2.0;128.0;165.0;6304.311,2
1000;5.0;100;5;50.0;P;0.5;10;1786.0;1.0;22.0;924.0;10035.038,1
1000;5.0;100;5;50.0;P;1.0;10;2007.0;1.0;24.0;502.0;6282.888,2
1000;5.0;100;5;50.0;P;5.0;10;1421.0;2.0;42.0;266.0;6952.0977,1
1000;5.0;100;5;25.0;P;0.5;10;925.0;4.0;7.0;151.0;5729.1157,2
1000;5.0;100;5;25.0;P;1.0;10;1895.0;2.0;6.0;189.0;3833.7454,2
1000;5.0;100;5;25.0;P;5.0;10;1407.0;1.0;34.0;197.0;3482.1667,1
1000;5.0;100;10;85.0;P;0.5;10;891.0;1.0;153.0;255.0;7334.8315,2
1000;5.0;100;10;85.0;P;1.0;10;808.0;1.0;68.0;490.0;7815.5234,2
1000;5.0;100;10;85.0;P;5.0;10;419.0;3.0;190.0;97.0;5949.577,1
1000;5.0;100;10;50.0;P;0.5;10;1297.0;1.0;12.0;371.0;3981.698,2
1000;5.0;100;10;50.0;P;1.0;10;1461.0;1.0;31.0;84.0;2358.5745,2
1000;5.0;100;10;50.0;P;5.0;10;1184.0;1.0;27.0;263.0;3552.2021,3
1000;5.0;100;10;25.0;P;0.5;10;696.0;5.0;85.0;54.0;4540.427,2
1000;5.0;100;10;25.0;P;1.0;10;928.0;1.0;55.0;726.0;10645.854,2
1000;5.0;100;10;25.0;P;5.0;10;1123.0;1.0;24.0;298.0;3721.7039,1
1000;5.0;100;15;85.0;P;0.5;10;629.0;1.0;5.0;138.0;1427.2548,2
1000;5.0;100;15;85.0;P;1.0;10;941.0;1.0;70.0;316.0;5405.464,2
1000;5.0;100;15;85.0;P;5.0;10;627.0;2.0;184.0;65.0;5268.468,2
1000;5.0;100;15;50.0;P;0.5;10;696.0;1.0;33.0;172.0;2476.1418,1
1000;5.0;100;15;50.0;P;1.0;10;1239.0;1.0;35.0;124.0;2657.1165,2
1000;5.0;100;15;50.0;P;5.0;10;1435.0;1.0;2.0;288.0;2735.6064,2
1000;5.0;100;15;25.0;P;0.5;10;779.0;2.0;141.0;115.0;5996.041,1
1000;5.0;100;15;25.0;P;1.0;10;710.0;1.0;44.0;76.0;1800.7151,2
1000;5.0;100;15;25.0;P;5.0;10;1504.0;4.0;57.0;76.0;5779.8057,1
1000;10.0;100;5;85.0;P;0.5;10;601.0;7.0;38.0;54.0;4243.1235,2
1000;10.0;100;5;85.0;P;1.0;10;682.0;1.0;12.0;156.0;1775.5273,2
1000;10.0;100;5;85.0;P;5.0;10;544.0;1.0;42.0;157.0;2479.0508,2
1000;10.0;100;5;50.0;P;0.5;10;1237.0;1.0;109.0;66.0;5349.722,2
1000;10.0;100;5;50.0;P;1.0;10;946.0;2.0;267.0;113.0;10972.457,2
1000;10.0;100;5;50.0;P;5.0;10;1324.0;1.0;107.0;199.0;6812.8184,2
1000;10.0;100;5;25.0;P;0.5;10;1670.0;1.0;76.0;212.0;6401.7266,1
1000;10.0;100;5;25.0;P;1.0;10;1161.0;1.0;25.0;386.0;4650.085,2
1000;10.0;100;5;25.0;P;5.0;10;1117.0;1.0;36.0;306.0;4273.919,2
1000;10.0;100;10;85.0;P;0.5;10;569.0;1.0;4.0;55.0;586.1964,2
1000;10.0;100;10;85.0;P;1.0;10;312.0;1.0;95.0;60.0;1885.2539,2
1000;10.0;100;10;85.0;P;5.0;10;1185.0;1.0;47.0;60.0;2507.207,1
1000;10.0;100;10;50.0;P;0.5;10;865.0;1.0;100.0;165.0;4601.8994,2
1000;10.0;100;10;50.0;P;1.0;10;737.0;1.0;103.0;237.0;5153.4375,1
1000;10.0;100;10;50.0;P;5.0;10;604.0;1.0;96.0;169.0;3866.6587,1
1000;10.0;100;10;25.0;P;0.5;10;943.0;11.0;45.0;53.0;6787.865,1
1000;10.0;100;10;25.0;P;1.0;10;611.0;3.0;165.0;84.0;5891.675,1
1000;10.0;100;10;25.0;P;5.0;10;762.0;5.0;152.0;79.0;7680.988,2
1000;10.0;100;15;85.0;P;0.5;10;454.0;7.0;97.0;62.0;5550.751,1
1000;10.0;100;15;85.0;P;1.0;10;1470.0;1.0;19.0;116.0;2038.3289,2
1000;10.0;100;15;85.0;P;5.0;10;939.0;3.0;64.0;211.0;7929.618,1
1000;10.0;100;15;50.0;P;0.5;10;293.0;3.0;285.0;75.0;6821.969,1
1000;10.0;100;15;50.0;P;1.0;10;1269.0;1.0;37.0;102.0;2581.934,2
1000;10.0;100;15;50.0;P;5.0;10;333.0;2.0;161.0;93.0;4719.6533,1
1000;10.0;100;15;25.0;P;0.5;10;779.0;2.0;72.0;256.0;6893.0176,2
1000;10.0;100;15;25.0;P;1.0;10;594.0;3.0;219.0;103.0;7519.455,1
1000;10.0;100;15;25.0;P;5.0;10;653.0;1.0;65.0;80.0;2241.392,1
1000;15.0;100;5;85.0;P;0.5;10;1837.0;3.0;31.0;113.0;5083.7607,1
1000;15.0;100;5;85.0;P;1.0;10;686.0;3.0;219.0;88.0;7732.039,1
1000;15.0;100;5;85.0;P;5.0;10;571.0;1.0;60.0;171.0;3059.7788,1
1000;15.0;100;5;50.0;P;0.5;10;815.0;1.0;95.0;187.0;4527.91,1
1000;15.0;100;5;50.0;P;1.0;10;525.0;1.0;17.0;220.0;2888.9897,1
1000;15.0;100;5;50.0;P;5.0;10;1392.0;1.0;23.0;185.0;2814.3438,1
1000;15.0;100;5;25.0;P;0.5;10;578.0;1.0;6.0;107.0;1137.0881,1
1000;15.0;100;5;25.0;P;1.0;10;709.0;1.0;58.0;306.0;4839.4487,1
1000;15.0;100;5;25.0;P;5.0;10;755.0;1.0;73.0;52.0;2416.8252,1
1000;15.0;100;10;85.0;P;0.5;10;875.0;1.0;18.0;267.0;3106.8228,1
1000;15.0;100;10;85.0;P;1.0;10;1830.0;1.0;17.0;532.0;5973.4966,2
1000;15.0;100;10;85.0;P;5.0;10;547.0;1.0;41.0;50.0;1253.1218,1
1000;15.0;100;10;50.0;P;0.5;10;326.0;2.0;220.0;66.0;4339.4395,1
1000;15.0;100;10;50.0;P;1.0;10;823.0;1.0;48.0;188.0;3174.0435,1
1000;15.0;100;10;50.0;P;5.0;10;624.0;4.0;92.0;73.0;4695.1826,2
1000;15.0;100;10;25.0;P;0.5;10;798.0;1.0;27.0;233.0;3010.0537,1
1000;15.0;100;10;25.0;P;1.0;10;997.0;1.0;14.0;348.0;3807.8433,1
1000;15.0;100;10;25.0;P;5.0;10;652.0;1.0;130.0;120.0;4168.183,1
1000;15.0;100;15;85.0;P;0.5;10;544.0;2.0;114.0;53.0;3165.623,2
1000;15.0;100;15;85.0;P;1.0;10;903.0;1.0;12.0;382.0;4148.3994,1
1000;15.0;100;15;85.0;P;5.0;10;660.0;1.0;104.0;233.0;5044.585,2
1000;15.0;100;15;50.0;P;0.5;10;1901.0;2.0;25.0;161.0;4598.367,1
1000;15.0;100;15;50.0;P;1.0;10;1119.0;1.0;6.0;141.0;1523.5403,1
1000;15.0;100;15;50.0;P;5.0;10;629.0;2.0;102.0;96.0;4052.8994,1
1000;15.0;100;15;25.0;P;0.5;10;1289.0;2.0;29.0;89.0;2933.781,3
1000;15.0;100;15;25.0;P;1.0;10;1694.0;1.0;43.0;274.0;5064.1973,1
1000;15.0;100;15;25.0;P;5.0;10;1479.0;1.0;67.0;285.0;6101.5674,2
1000;1.0;500;5;85.0;P;0.5;10;774.0;1.0;15.0;209.0;2407.8818,5
1000;1.0;500;5;85.0;P;1.0;10;1036.0;1.0;11.0;149.0;1765.6974,7
1000;1.0;500;5;85.0;P;5.0;10;1537.0;1.0;35.0;210.0;3808.6382,7
1000;1.0;500;5;50.0;P;0.5;10;941.0;1.0;5.0;170.0;1732.7048,5
1000;1.0;500;5;50.0;P;1.0;10;997.0;1.0;44.0;72.0;2201.0261,6
1000;1.0;500;5;50.0;P;5.0;10;853.0;1.0;11.0;64.0;913.7446,6
1000;1.0;500;5;25.0;P;0.5;10;950.0;1.0;26.0;166.0;2402.1655,6
1000;1.0;500;5;25.0;P;1.0;10;1758.0;1.0;1.0;76.0;751.9857,5
1000;1.0;500;5;25.0;P;5.0;10;652.0;1.0;46.0;91.0;1907.7812,5
1000;1.0;500;10;85.0;P;0.5;10;747.0;1.0;10.0;176.0;1929.1791,6
1000;1.0;500;10;85.0;P;1.0;10;955.0;1.0;17.0;84.0;1337.696,6
1000;1.0;500;10;85.0;P;5.0;10;925.0;1.0;7.0;90.0;1049.2603,7
1000;1.0;500;10;50.0;P;0.5;10;1657.0;1.0;4.0;201.0;2062.1746,5
1000;1.0;500;10;50.0;P;1.0;10;1639.0;1.0;1.0;156.0;1475.8512,5
1000;1.0;500;10;50.0;P;5.0;10;992.0;1.0;8.0;129.0;1459.5505,6
1000;1.0;500;10;25.0;P;0.5;10;580.0;1.0;2.0;115.0;1134.8405,5
1000;1.0;500;10;25.0;P;1.0;10;1126.0;1.0;1.0;97.0;922.458,5
1000;1.0;500;10;25.0;P;5.0;10;818.0;1.0;14.0;133.0;1632.96,5
1000;1.0;500;15;85.0;P;0.5;10;819.0;1.0;40.0;56.0;1664.6587,6
1000;1.0;500;15;85.0;P;1.0;10;1016.0;1.0;5.0;133.0;1394.9812,5
1000;1.0;500;15;85.0;P;5.0;10;635.0;1.0;7.0;135.0;1441.1702,7
1000;1.0;500;15;50.0;P;0.5;10;804.0;1.0;3.0;67.0;696.1731,6
1000;1.0;500;15;50.0;P;1.0;10;1813.0;1.0;5.0;55.0;818.6377,6
1000;1.0;500;15;50.0;P;5.0;10;580.0;1.0;52.0;103.0;2059.5469,6
1000;1.0;500;15;25.0;P;0.5;10;1627.0;1.0;9.0;122.0;1624.3342,6
1000;1.0;500;15;25.0;P;1.0;10;804.0;1.0;12.0;61.0;896.10693,5
1000;1.0;500;15;25.0;P;5.0;10;1279.0;1.0;12.0;178.0;2164.9426,6
1000;5.0;500;5;85.0;P;0.5;10;811.0;1.0;9.0;54.0;748.9654,16
1000;5.0;500;5;85.0;P;1.0;10;1180.0;1.0;6.0;63.0;821.8411,15
1000;5.0;500;5;85.0;P;5.0;10;560.0;1.0;22.0;120.0;1606.8539,14
1000;5.0;500;5;50.0;P;0.5;10;618.0;1.0;31.0;86.0;1479.1093,13
1000;5.0;500;5;50.0;P;1.0;10;715.0;1.0;5.0;151.0;1546.4653,15
1000;5.0;500;5;50.0;P;5.0;10;835.0;1.0;28.0;74.0;1499.6338,19
1000;5.0;500;5;25.0;P;0.5;10;1703.0;1.0;19.0;183.0;2804.028,20
1000;5.0;500;5;25.0;P;1.0;10;484.0;1.0;49.0;195.0;3419.778,22
1000;5.0;500;5;25.0;P;5.0;10;764.0;1.0;26.0;65.0;1293.9861,20
1000;5.0;500;10;85.0;P;0.5;10;460.0;3.0;17.0;58.0;1877.0625,14
1000;5.0;500;10;85.0;P;1.0;10;1855.0;2.0;5.0;50.0;1234.4768,15
1000;5.0;500;10;85.0;P;5.0;10;742.0;1.0;24.0;190.0;2451.7898,14
1000;5.0;500;10;50.0;P;0.5;10;804.0;1.0;36.0;179.0;2711.1934,14
1000;5.0;500;10;50.0;P;1.0;10;993.0;1.0;22.0;265.0;3252.9285,15
1000;5.0;500;10;50.0;P;5.0;10;625.0;1.0;24.0;90.0;1369.2874,14
1000;5.0;500;10;25.0;P;0.5;10;489.0;1.0;102.0;120.0;3137.6155,14
1000;5.0;500;10;25.0;P;1.0;10;581.0;1.0;89.0;116.0;2987.4036,14
1000;5.0;500;10;25.0;P;5.0;10;1059.0;1.0;37.0;153.0;2782.9116,12
1000;5.0;500;15;85.0;P;0.5;10;828.0;1.0;19.0;184.0;2280.3083,14
1000;5.0;500;15;85.0;P;1.0;10;1079.0;1.0;21.0;76.0;1489.6292,15
1000;5.0;500;15;85.0;P;5.0;10;824.0;1.0;13.0;239.0;2660.8635,14
1000;5.0;500;15;50.0;P;0.5;10;998.0;1.0;6.0;178.0;1848.4456,14
1000;5.0;500;15;50.0;P;1.0;10;732.0;1.0;25.0;57.0;1165.479,14
1000;5.0;500;15;50.0;P;5.0;10;1094.0;1.0;34.0;109.0;2304.2112,14
1000;5.0;500;15;25.0;P;0.5;10;1201.0;1.0;23.0;52.0;1445.4211,13
1000;5.0;500;15;25.0;P;1.0;10;879.0;1.0;52.0;122.0;2734.788,13
1000;5.0;500;15;25.0;P;5.0;10;1254.0;1.0;13.0;213.0;2523.2278,15
1000;10.0;500;5;85.0;P;0.5;10;844.0;1.0;10.0;179.0;1966.4058,21
1000;10.0;500;5;85.0;P;1.0;10;771.0;1.0;13.0;176.0;2012.8109,23
1000;10.0;500;5;85.0;P;5.0;10;883.0;1.0;38.0;126.0;2342.6113,21
1000;10.0;500;5;50.0;P;0.5;10;551.0;1.0;25.0;76.0;1200.2434,21
1000;10.0;500;5;50.0;P;1.0;10;874.0;1.0;1.0;126.0;1187.5659,24
1000;10.0;500;5;50.0;P;5.0;10;507.0;1.0;94.0;89.0;2587.1523,21
1000;10.0;500;5;25.0;P;0.5;10;473.0;1.0;49.0;50.0;1288.8944,21
1000;10.0;500;5;25.0;P;1.0;10;1111.0;2.0;2.0;139.0;2608.555,21
1000;10.0;500;5;25.0;P;5.0;10;997.0;1.0;6.0;85.0;984.93243,20
1000;10.0;500;10;85.0;P;0.5;10;888.0;1.0;8.0;239.0;2500.8513,22
1000;10.0;500;10;85.0;P;1.0;10;579.0;1.0;27.0;92.0;1421.8403,22
1000;10.0;500;10;85.0;P;5.0;10;540.0;1.0;79.0;61.0;2079.8574,21
1000;10.0;500;10;50.0;P;0.5;10;2084.0;1.0;5.0;109.0;1356.7563,27
1000;10.0;500;10;50.0;P;1.0;10;478.0;1.0;17.0;124.0;1577.1626,20
1000;10.0;500;10;50.0;P;5.0;10;284.0;1.0;63.0;61.0;1543.9763,21
1000;10.0;500;10;25.0;P;0.5;10;745.0;1.0;61.0;125.0;2774.9946,22
1000;10.0;500;10;25.0;P;1.0;10;1985.0;1.0;4.0;132.0;1478.492,21
1000;10.0;500;10;25.0;P;5.0;10;801.0;1.0;68.0;160.0;3432.2603,21
1000;10.0;500;15;85.0;P;0.5;10;472.0;1.0;81.0;69.0;2034.3326,21
1000;10.0;500;15;85.0;P;1.0;10;947.0;1.0;6.0;105.0;1159.1897,23
1000;10.0;500;15;85.0;P;5.0;10;633.0;1.0;24.0;64.0;1124.696,22
1000;10.0;500;15;50.0;P;0.5;10;1702.0;1.0;6.0;179.0;1987.2726,20
1000;10.0;500;15;50.0;P;1.0;10;785.0;1.0;35.0;89.0;1785.6947,21
1000;10.0;500;15;50.0;P;5.0;10;702.0;1.0;57.0;60.0;1960.2928,21
1000;10.0;500;15;25.0;P;0.5;10;431.0;1.0;8.0;67.0;767.6375,22
1000;10.0;500;15;25.0;P;1.0;10;989.0;1.0;43.0;202.0;3373.6465,22
1000;10.0;500;15;25.0;P;5.0;10;762.0;1.0;45.0;52.0;1682.5605,24
1000;15.0;500;5;85.0;P;0.5;10;723.0;1.0;29.0;56.0;1250.4752,27
1000;15.0;500;5;85.0;P;1.0;10;1486.0;1.0;18.0;107.0;1914.6292,28
1000;15.0;500;5;85.0;P;5.0;10;1114.0;1.0;46.0;114.0;2845.0537,26
1000;15.0;500;5;50.0;P;0.5;10;582.0;1.0;117.0;58.0;2943.473,27
1000;15.0;500;5;50.0;P;1.0;10;366.0;2.0;55.0;69.0;2113.4392,27
1000;15.0;500;5;50.0;P;5.0;10;842.0;1.0;37.0;142.0;2415.1245,28
1000;15.0;500;5;25.0;P;0.5;10;1132.0;1.0;7.0;122.0;1391.0992,26
1000;15.0;500;5;25.0;P;1.0;10;661.0;1.0;24.0;134.0;1834.3547,28
1000;15.0;500;5;25.0;P;5.0;10;552.0;1.0;46.0;127.0;2179.897,27
1000;15.0;500;10;85.0;P;0.5;10;984.0;1.0;2.0;214.0;2049.4998,26
1000;15.0;500;10;85.0;P;1.0;10;761.0;1.0;28.0;79.0;1475.3319,28
1000;15.0;500;10;85.0;P;5.0;10;881.0;1.0;36.0;80.0;1848.02,27
1000;15.0;500;10;50.0;P;0.5;10;935.0;1.0;64.0;123.0;3239.064,26
1000;15.0;500;10;50.0;P;1.0;10;597.0;1.0;48.0;165.0;2710.7725,26
1000;15.0;500;10;50.0;P;5.0;10;783.0;1.0;10.0;51.0;740.41565,28
1000;15.0;500;10;25.0;P;0.5;10;1586.0;1.0;2.0;465.0;4386.5854,26
1000;15.0;500;10;25.0;P;1.0;10;778.0;1.0;35.0;153.0;2396.567,26
1000;15.0;500;10;25.0;P;5.0;10;875.0;1.0;26.0;105.0;1764.0591,26
1000;15.0;500;15;85.0;P;0.5;10;1230.0;2.0;18.0;69.0;2033.2383,26
1000;15.0;500;15;85.0;P;1.0;10;984.0;1.0;28.0;105.0;1929.6749,26
1000;15.0;500;15;85.0;P;5.0;10;986.0;1.0;17.0;141.0;1883.1326,29
1000;15.0;500;15;50.0;P;0.5;10;586.0;1.0;39.0;111.0;1878.4216,27
1000;15.0;500;15;50.0;P;1.0;10;709.0;1.0;38.0;52.0;1424.4563,26
1000;15.0;500;15;50.0;P;5.0;10;570.0;1.0;74.0;70.0;2147.6074,27
1000;15.0;500;15;25.0;P;0.5;10;497.0;2.0;13.0;84.0;1796.5731,26
1000;15.0;500;15;25.0;P;1.0;10;621.0;2.0;59.0;74.0;2653.146,27
1000;15.0;500;15;25.0;P;5.0;10;796.0;1.0;74.0;100.0;2999.7656,27
10000;1.0;100;5;85.0;P;0.5;10;1269.0;1.0;44.0;214.0;3927.2637,1
10000;1.0;100;5;85.0;P;1.0;10;1131.0;2.0;25.0;162.0;3948.567,1
10000;1.0;100;5;85.0;P;5.0;10;770.0;1.0;127.0;180.0;5217.393,1
10000;1.0;100;5;50.0;P;0.5;10;887.0;1.0;69.0;81.0;2896.936,1
10000;1.0;100;5;50.0;P;1.0;10;1231.0;2.0;25.0;490.0;10172.897,1
10000;1.0;100;5;50.0;P;5.0;10;1237.0;1.0;99.0;377.0;7864.1333,1
10000;1.0;100;5;25.0;P;0.5;10;881.0;2.0;18.0;50.0;1467.3771,1
10000;1.0;100;5;25.0;P;1.0;10;809.0;2.0;65.0;315.0;7967.9907,1
10000;1.0;100;5;25.0;P;5.0;10;1103.0;1.0;58.0;164.0;3758.2769,1
10000;1.0;100;10;85.0;P;0.5;10;1029.0;1.0;56.0;110.0;3035.17,1
10000;1.0;100;10;85.0;P;1.0;10;1722.0;6.0;93.0;103.0;11251.746,1
10000;1.0;100;10;85.0;P;5.0;10;1220.0;1.0;57.0;92.0;3286.7654,1
10000;1.0;100;10;50.0;P;0.5;10;909.0;1.0;47.0;65.0;2097.4058,1
10000;1.0;100;10;50.0;P;1.0;10;1553.0;4.0;109.0;126.0;10540.081,1
10000;1.0;100;10;50.0;P;5.0;10;1115.0;2.0;24.0;302.0;6497.1416,1
10000;1.0;100;10;25.0;P;0.5;10;690.0;2.0;59.0;235.0;6027.1523,1
10000;1.0;100;10;25.0;P;1.0;10;598.0;1.0;44.0;138.0;2296.938,1
10000;1.0;100;10;25.0;P;5.0;10;1445.0;4.0;37.0;85.0;4970.2983,1
10000;1.0;100;15;85.0;P;0.5;10;776.0;2.0;46.0;263.0;6281.545,1
10000;1.0;100;15;85.0;P;1.0;10;973.0;1.0;28.0;144.0;2282.3208,1
10000;1.0;100;15;85.0;P;5.0;10;710.0;1.0;207.0;122.0;6375.144,1
10000;1.0;100;15;50.0;P;0.5;10;1370.0;1.0;21.0;72.0;1667.5344,1
10000;1.0;100;15;50.0;P;1.0;10;1011.0;1.0;70.0;61.0;3048.1565,1
10000;1.0;100;15;50.0;P;5.0;10;1470.0;1.0;8.0;236.0;2567.2861,1
10000;1.0;100;15;25.0;P;0.5;10;577.0;1.0;145.0;149.0;4621.509,1
10000;1.0;100;15;25.0;P;1.0;10;715.0;7.0;19.0;74.0;5187.974,1
10000;1.0;100;15;25.0;P;5.0;10;585.0;1.0;25.0;156.0;2083.623,1
10000;5.0;100;5;85.0;P;0.5;10;1818.0;3.0;65.0;141.0;8003.659,1
10000;5.0;100;5;85.0;P;1.0;10;857.0;2.0;210.0;174.0;9605.205,2
10000;5.0;100;5;85.0;P;5.0;10;785.0;2.0;88.0;172.0;5648.072,1
10000;5.0;100;5;50.0;P;0.5;10;545.0;5.0;10.0;138.0;6575.2446,2
10000;5.0;100;5;50.0;P;1.0;10;1444.0;1.0;3.0;502.0;4806.508,2
10000;5.0;100;5;50.0;P;5.0;10;1865.0;1.0;48.0;170.0;4698.5474,2
10000;5.0;100;5;25.0;P;0.5;10;958.0;1.0;2.0;363.0;3551.04,2
10000;5.0;100;5;25.0;P;1.0;10;519.0;2.0;185.0;94.0;5256.0845,1
10000;5.0;100;5;25.0;P;5.0;10;878.0;1.0;58.0;178.0;3462.4133,2
10000;5.0;100;10;85.0;P;0.5;10;1675.0;1.0;30.0;467.0;6059.476,2
10000;5.0;100;10;85.0;P;1.0;10;477.0;1.0;106.0;165.0;4106.648,2
10000;5.0;100;10;85.0;P;5.0;10;1058.0;1.0;13.0;248.0;2782.6055,2
10000;5.0;100;10;50.0;P;0.5;10;515.0;7.0;166.0;54.0;6475.5986,2
10000;5.0;100;10;50.0;P;1.0;10;1571.0;2.0;12.0;151.0;3407.7327,2
10000;5.0;100;10;50.0;P;5.0;10;1473.0;1.0;28.0;200.0;3275.7288,2
10000;5.0;100;10;25.0;P;0.5;10;513.0;1.0;89.0;147.0;3328.2236,3
10000;5.0;100;10;25.0;P;1.0;10;667.0;1.0;45.0;87.0;1867.0464,2
10000;5.0;100;10;25.0;P;5.0;10;754.0;1.0;98.0;401.0;7536.9897,2
10000;5.0;100;15;85.0;P;0.5;10;713.0;1.0;20.0;234.0;2831.3044,4
10000;5.0;100;15;85.0;P;1.0;10;1073.0;1.0;21.0;160.0;2259.5483,3
10000;5.0;100;15;85.0;P;5.0;10;1243.0;1.0;20.0;364.0;4257.1826,3
10000;5.0;100;15;50.0;P;0.5;10;1243.0;1.0;27.0;81.0;1918.5894,3
10000;5.0;100;15;50.0;P;1.0;10;1089.0;2.0;158.0;211.0;9944.809,3
10000;5.0;100;15;50.0;P;5.0;10;1736.0;1.0;1.0;197.0;1852.5967,3
10000;5.0;100;15;25.0;P;0.5;10;618.0;2.0;195.0;148.0;7215.9434,3
10000;5.0;100;15;25.0;P;1.0;10;1866.0;1.0;16.0;383.0;4545.796,3
10000;5.0;100;15;25.0;P;5.0;10;692.0;1.0;180.0;70.0;5042.1685,3
10000;10.0;100;5;85.0;P;0.5;10;857.0;1.0;10.0;54.0;793.42,3
10000;10.0;100;5;85.0;P;1.0;10;314.0;1.0;284.0;72.0;4968.783,2
10000;10.0;100;5;85.0;P;5.0;10;1130.0;1.0;50.0;350.0;5288.037,2
10000;10.0;100;5;50.0;P;0.5;10;1398.0;1.0;5.0;347.0;3434.8977,2
10000;10.0;100;5;50.0;P;1.0;10;658.0;2.0;264.0;112.0;8273.049,2
10000;10.0;100;5;50.0;P;5.0;10;1691.0;1.0;64.0;383.0;7320.4414,3
10000;10.0;100;5;25.0;P;0.5;10;699.0;2.0;28.0;53.0;1655.0889,2
10000;10.0;100;5;25.0;P;1.0;10;1783.0;1.0;10.0;595.0;6100.7856,2
10000;10.0;100;5;25.0;P;5.0;10;1034.0;2.0;121.0;132.0;6818.923,2
10000;10.0;100;10;85.0;P;0.5;10;763.0;1.0;6.0;695.0;9500.973,4
10000;10.0;100;10;85.0;P;1.0;10;915.0;2.0;52.0;278.0;6875.4014,3
10000;10.0;100;10;85.0;P;5.0;10;762.0;1.0;97.0;183.0;4396.2354,3
10000;10.0;100;10;50.0;P;0.5;10;662.0;1.0;20.0;162.0;2034.0126,3
10000;10.0;100;10;50.0;P;1.0;10;1342.0;1.0;54.0;91.0;3380.1128,5
10000;10.0;100;10;50.0;P;5.0;10;742.0;2.0;161.0;55.0;5213.164,4
10000;10.0;100;10;25.0;P;0.5;10;595.0;1.0;135.0;114.0;3988.831,3
10000;10.0;100;10;25.0;P;1.0;10;1129.0;1.0;3.0;824.0;8637.485,4
10000;10.0;100;10;25.0;P;5.0;10;473.0;4.0;96.0;96.0;5257.538,3
10000;10.0;100;15;85.0;P;0.5;10;1215.0;1.0;26.0;199.0;2934.8447,6
10000;10.0;100;15;85.0;P;1.0;10;794.0;1.0;54.0;71.0;2160.5789,5
10000;10.0;100;15;85.0;P;5.0;10;994.0;1.0;21.0;124.0;1869.7188,5
10000;10.0;100;15;50.0;P;0.5;10;728.0;3.0;98.0;55.0;4016.158,5
10000;10.0;100;15;50.0;P;1.0;10;350.0;1.0;335.0;63.0;5256.6816,5
10000;10.0;100;15;50.0;P;5.0;10;898.0;1.0;34.0;117.0;2149.972,6
10000;10.0;100;15;25.0;P;0.5;10;1921.0;1.0;67.0;57.0;5051.3857,5
10000;10.0;100;15;25.0;P;1.0;10;1128.0;1.0;49.0;324.0;4985.111,5
10000;10.0;100;15;25.0;P;5.0;10;451.0;1.0;69.0;145.0;2979.8477,5
10000;15.0;100;5;85.0;P;0.5;10;755.0;1.0;45.0;288.0;4171.1484,3
10000;15.0;100;5;85.0;P;1.0;10;1966.0;1.0;23.0;81.0;2328.289,3
10000;15.0;100;5;85.0;P;5.0;10;1336.0;2.0;55.0;160.0;5499.752,3
10000;15.0;100;5;50.0;P;0.5;10;679.0;2.0;35.0;122.0;3096.7698,3
10000;15.0;100;5;50.0;P;1.0;10;354.0;1.0;77.0;96.0;2383.9326,2
10000;15.0;100;5;50.0;P;5.0;10;1523.0;2.0;68.0;144.0;6265.42,3
10000;15.0;100;5;25.0;P;0.5;10;1430.0;1.0;99.0;153.0;6381.1094,3
10000;15.0;100;5;25.0;P;1.0;10;1336.0;1.0;39.0;290.0;4501.376,3
10000;15.0;100;5;25.0;P;5.0;10;1469.0;1.0;78.0;390.0;7639.211,3
10000;15.0;100;10;85.0;P;0.5;10;1542.0;1.0;52.0;295.0;5523.204,5
10000;15.0;100;10;85.0;P;1.0;10;1717.0;8.0;26.0;74.0;6946.394,5
10000;15.0;100;10;85.0;P;5.0;10;757.0;1.0;193.0;91.0;6000.5586,5
10000;15.0;100;10;50.0;P;0.5;10;289.0;2.0;190.0;96.0;6464.151,5
10000;15.0;100;10;50.0;P;1.0;10;698.0;2.0;92.0;134.0;4772.012,6
10000;15.0;100;10;50.0;P;5.0;10;1176.0;3.0;59.0;112.0;5498.1997,5
10000;15.0;100;10;25.0;P;0.5;10;891.0;1.0;54.0;244.0;4028.7056,5
10000;15.0;100;10;25.0;P;1.0;10;493.0;2.0;71.0;115.0;3521.666,4
10000;15.0;100;10;25.0;P;5.0;10;1059.0;1.0;85.0;101.0;4093.1804,4
10000;15.0;100;15;85.0;P;0.5;10;1041.0;1.0;125.0;74.0;5258.4546,8
10000;15.0;100;15;85.0;P;1.0;10;1181.0;1.0;87.0;183.0;5299.436,7
10000;15.0;100;15;85.0;P;5.0;10;1177.0;1.0;11.0;366.0;3870.5522,7
10000;15.0;100;15;50.0;P;0.5;10;1669.0;1.0;17.0;191.0;2736.9617,7
10000;15.0;100;15;50.0;P;1.0;10;436.0;2.0;115.0;138.0;5061.0815,8
10000;15.0;100;15;50.0;P;5.0;10;1641.0;1.0;34.0;208.0;3858.9985,7
10000;15.0;100;15;25.0;P;0.5;10;1129.0;1.0;21.0;121.0;1938.4587,7
10000;15.0;100;15;25.0;P;1.0;10;1995.0;7.0;18.0;57.0;4886.7627,8
10000;15.0;100;15;25.0;P;5.0;10;633.0;4.0;165.0;64.0;6023.6987,8
10000;1.0;500;5;85.0;P;0.5;10;410.0;1.0;46.0;63.0;1301.0676,21
10000;1.0;500;5;85.0;P;1.0;10;1777.0;1.0;1.0;129.0;1234.4242,20
10000;1.0;500;5;85.0;P;5.0;10;1055.0;1.0;25.0;81.0;1666.4652,21
10000;1.0;500;5;50.0;P;0.5;10;408.0;1.0;29.0;81.0;1263.3374,21
10000;1.0;500;5;50.0;P;1.0;10;798.0;1.0;15.0;60.0;968.8522,22
10000;1.0;500;5;50.0;P;5.0;10;1436.0;1.0;34.0;178.0;3341.699,24
10000;1.0;500;5;25.0;P;0.5;10;942.0;1.0;31.0;95.0;1896.5266,20
10000;1.0;500;5;25.0;P;1.0;10;1133.0;1.0;11.0;85.0;1212.2451,22
10000;1.0;500;5;25.0;P;5.0;10;536.0;1.0;47.0;67.0;1520.1196,21
10000;1.0;500;10;85.0;P;0.5;10;825.0;1.0;62.0;167.0;3376.4697,23
10000;1.0;500;10;85.0;P;1.0;10;1680.0;1.0;1.0;244.0;2280.8118,21
10000;1.0;500;10;85.0;P;5.0;10;760.0;1.0;4.0;59.0;645.3012,21
10000;1.0;500;10;50.0;P;0.5;10;725.0;1.0;23.0;129.0;1794.4097,22
10000;1.0;500;10;50.0;P;1.0;10;901.0;1.0;4.0;231.0;2290.9397,21
10000;1.0;500;10;50.0;P;5.0;10;360.0;1.0;26.0;138.0;2411.5864,22
10000;1.0;500;10;25.0;P;0.5;10;1525.0;1.0;6.0;296.0;3026.854,21
10000;1.0;500;10;25.0;P;1.0;10;752.0;1.0;6.0;128.0;1346.635,22
10000;1.0;500;10;25.0;P;5.0;10;1007.0;1.0;2.0;145.0;1398.4745,21
10000;1.0;500;15;85.0;P;0.5;10;1282.0;1.0;2.0;222.0;2120.406,24
10000;1.0;500;15;85.0;P;1.0;10;398.0;1.0;24.0;104.0;1516.1616,21
10000;1.0;500;15;85.0;P;5.0;10;526.0;1.0;76.0;63.0;2008.2642,22
10000;1.0;500;15;50.0;P;0.5;10;377.0;1.0;11.0;98.0;1238.6123,20
10000;1.0;500;15;50.0;P;1.0;10;1345.0;1.0;1.0;241.0;2250.5686,22
10000;1.0;500;15;50.0;P;5.0;10;1268.0;1.0;5.0;243.0;2449.683,21
10000;1.0;500;15;25.0;P;0.5;10;427.0;1.0;17.0;91.0;1190.5006,22
10000;1.0;500;15;25.0;P;1.0;10;820.0;1.0;15.0;202.0;2340.173,24
10000;1.0;500;15;25.0;P;5.0;10;1186.0;1.0;5.0;162.0;1687.7986,20
10000;5.0;500;5;85.0;P;0.5;10;934.0;1.0;27.0;113.0;1923.1624,68
10000;5.0;500;5;85.0;P;1.0;10;1343.0;1.0;2.0;209.0;2002.2511,66
10000;5.0;500;5;85.0;P;5.0;10;569.0;1.0;17.0;79.0;1080.3033,66
10000;5.0;500;5;50.0;P;0.5;10;691.0;1.0;7.0;161.0;1701.84,67
10000;5.0;500;5;50.0;P;1.0;10;563.0;1.0;19.0;126.0;1611.3811,67
10000;5.0;500;5;50.0;P;5.0;10;1045.0;1.0;2.0;370.0;3574.2222,65
10000;5.0;500;5;25.0;P;0.5;10;2052.0;1.0;3.0;148.0;1561.0137,67
10000;5.0;500;5;25.0;P;1.0;10;915.0;1.0;56.0;91.0;2637.4993,67
10000;5.0;500;5;25.0;P;5.0;10;1349.0;1.0;7.0;53.0;813.93896,65
10000;5.0;500;10;85.0;P;0.5;10;512.0;1.0;114.0;78.0;2838.6294,67
10000;5.0;500;10;85.0;P;1.0;10;544.0;1.0;94.0;63.0;2400.6042,65
10000;5.0;500;10;85.0;P;5.0;10;590.0;1.0;14.0;92.0;1154.9756,67
10000;5.0;500;10;50.0;P;0.5;10;1459.0;1.0;3.0;207.0;2040.6041,65
10000;5.0;500;10;50.0;P;1.0;10;426.0;1.0;17.0;86.0;1129.2318,65
10000;5.0;500;10;50.0;P;5.0;10;1525.0;1.0;19.0;74.0;1692.7532,65
10000;5.0;500;10;25.0;P;0.5;10;1203.0;1.0;32.0;141.0;2642.2808,64
10000;5.0;500;10;25.0;P;1.0;10;639.0;2.0;84.0;95.0;3656.1814,64
10000;5.0;500;10;25.0;P;5.0;10;1558.0;2.0;15.0;58.0;1876.3403,66
10000;5.0;500;15;85.0;P;0.5;10;577.0;1.0;5.0;135.0;1411.199,31
10000;5.0;500;15;85.0;P;1.0;10;270.0;1.0;97.0;72.0;2560.4592,31
10000;5.0;500;15;85.0;P;5.0;10;987.0;1.0;11.0;59.0;919.0154,31
10000;5.0;500;15;50.0;P;0.5;10;725.0;1.0;52.0;168.0;2949.7556,33
10000;5.0;500;15;50.0;P;1.0;10;464.0;4.0;15.0;76.0;3049.5864,30
10000;5.0;500;15;50.0;P;5.0;10;858.0;1.0;23.0;105.0;1658.3693,31
10000;5.0;500;15;25.0;P;0.5;10;649.0;1.0;38.0;107.0;1878.2244,31
10000;5.0;500;15;25.0;P;1.0;10;645.0;1.0;19.0;58.0;963.88916,31
10000;5.0;500;15;25.0;P;5.0;10;530.0;1.0;47.0;106.0;1934.8301,31
10000;10.0;500;5;85.0;P;0.5;10;1429.0;1.0;36.0;69.0;2438.9316,127
10000;10.0;500;5;85.0;P;1.0;10;714.0;1.0;68.0;51.0;2177.1055,131
10000;10.0;500;5;85.0;P;5.0;10;999.0;3.0;10.0;52.0;1768.5948,128
10000;10.0;500;5;50.0;P;0.5;10;1218.0;1.0;38.0;149.0;2990.1968,129
10000;10.0;500;5;50.0;P;1.0;10;521.0;1.0;61.0;77.0;1864.9243,129
10000;10.0;500;5;50.0;P;5.0;10;907.0;1.0;24.0;105.0;1728.0448,130
10000;10.0;500;5;25.0;P;0.5;10;781.0;2.0;5.0;53.0;1101.5063,130
10000;10.0;500;5;25.0;P;1.0;10;1369.0;1.0;8.0;192.0;2136.5452,132
10000;10.0;500;5;25.0;P;5.0;10;1425.0;1.0;10.0;226.0;2564.3318,132
10000;10.0;500;10;85.0;P;0.5;10;531.0;1.0;51.0;104.0;1990.6287,126
10000;10.0;500;10;85.0;P;1.0;10;544.0;1.0;41.0;67.0;1415.6455,133
10000;10.0;500;10;85.0;P;5.0;10;951.0;1.0;14.0;116.0;1530.2278,128
10000;10.0;500;10;50.0;P;0.5;10;341.0;2.0;60.0;50.0;1715.6387,128
10000;10.0;500;10;50.0;P;1.0;10;1408.0;1.0;1.0;110.0;1049.4677,129
10000;10.0;500;10;50.0;P;5.0;10;606.0;1.0;2.0;251.0;2711.854,129
10000;10.0;500;10;25.0;P;0.5;10;1013.0;1.0;48.0;86.0;2496.9192,129
10000;10.0;500;10;25.0;P;1.0;10;529.0;3.0;34.0;60.0;2284.1646,127
10000;10.0;500;10;25.0;P;5.0;10;312.0;1.0;40.0;63.0;1210.7227,129
10000;10.0;500;15;85.0;P;0.5;10;996.0;1.0;6.0;158.0;1660.3254,32
10000;10.0;500;15;85.0;P;1.0;10;550.0;1.0;20.0;150.0;1915.2792,30
10000;10.0;500;15;85.0;P;5.0;10;638.0;1.0;26.0;142.0;1955.6377,32
10000;10.0;500;15;50.0;P;0.5;10;1186.0;1.0;20.0;69.0;1462.7035,32
10000;10.0;500;15;50.0;P;1.0;10;861.0;3.0;40.0;50.0;2576.1191,33
10000;10.0;500;15;50.0;P;5.0;10;747.0;1.0;17.0;187.0;2231.862,30
10000;10.0;500;15;25.0;P;0.5;10;552.0;1.0;9.0;103.0;1158.8834,29
10000;10.0;500;15;25.0;P;1.0;10;652.0;1.0;19.0;181.0;2219.6401,32
10000;10.0;500;15;25.0;P;5.0;10;536.0;1.0;26.0;155.0;2115.1643,31
10000;15.0;500;5;85.0;P;0.5;10;559.0;1.0;96.0;71.0;2569.4268,191
10000;15.0;500;5;85.0;P;1.0;10;770.0;1.0;15.0;143.0;1740.1211,191
10000;15.0;500;5;85.0;P;5.0;10;889.0;1.0;38.0;53.0;1672.5002,193
10000;15.0;500;5;50.0;P;0.5;10;2081.0;1.0;8.0;133.0;1794.2366,192
10000;15.0;500;5;50.0;P;1.0;10;611.0;1.0;48.0;66.0;1645.7517,191
10000;15.0;500;5;50.0;P;5.0;10;519.0;3.0;20.0;75.0;2437.2266,195
10000;15.0;500;5;25.0;P;0.5;10;1667.0;1.0;10.0;95.0;1450.0425,190
10000;15.0;500;5;25.0;P;1.0;10;452.0;1.0;17.0;110.0;1416.967,194
10000;15.0;500;5;25.0;P;5.0;10;577.0;1.0;51.0;99.0;1991.5623,194
10000;15.0;500;10;85.0;P;0.5;10;1481.0;1.0;8.0;282.0;2994.586,188
10000;15.0;500;10;85.0;P;1.0;10;726.0;1.0;15.0;66.0;987.6251,195
10000;15.0;500;10;85.0;P;5.0;10;2066.0;1.0;5.0;90.0;1181.0015,190
10000;15.0;500;10;50.0;P;0.5;10;1935.0;1.0;9.0;171.0;2167.1235,190
10000;15.0;500;10;50.0;P;1.0;10;548.0;1.0;53.0;51.0;1496.8456,189
10000;15.0;500;10;50.0;P;5.0;10;495.0;2.0;17.0;82.0;1829.16,189
10000;15.0;500;10;25.0;P;0.5;10;896.0;1.0;81.0;175.0;4197.7017,192
10000;15.0;500;10;25.0;P;1.0;10;654.0;1.0;32.0;226.0;3084.3599,191
10000;15.0;500;10;25.0;P;5.0;10;854.0;1.0;2.0;124.0;1199.5128,189
10000;15.0;500;15;85.0;P;0.5;10;1180.0;1.0;4.0;188.0;1885.7999,32
10000;15.0;500;15;85.0;P;1.0;10;386.0;1.0;51.0;71.0;1462.9221,30
10000;15.0;500;15;85.0;P;5.0;10;711.0;1.0;37.0;121.0;2061.773,32
10000;15.0;500;15;50.0;P;0.5;10;695.0;1.0;18.0;88.0;1253.1918,35
10000;15.0;500;15;50.0;P;1.0;10;553.0;1.0;35.0;64.0;1279.5789,31
10000;15.0;500;15;50.0;P;5.0;10;1700.0;1.0;8.0;252.0;2773.8975,33
10000;15.0;500;15;25.0;P;0.5;10;658.0;1.0;39.0;55.0;1408.6812,32
10000;15.0;500;15;25.0;P;1.0;10;682.0;1.0;11.0;201.0;2233.846,32
10000;15.0;500;15;25.0;P;5.0;10;1291.0;1.0;13.0;183.0;2261.3013,32
